{"cameraMode":{"drawMode":0,"name":"Shaded","section":"Shading Mode"},"sceneLighting":true,"audioPlay":false,"sceneViewState":{"showFog":true,"showMaterialUpdate":false,"showSkybox":true,"showFlares":true,"showImageEffects":true,"showParticleSystems":true},"in2DMode":false,"pivot":{"x":-18.500797271728517,"y":-0.3823413848876953,"z":70.55597686767578},"rotation":{"x":0.2484009712934494,"y":-0.6149755716323853,"z":0.2129780352115631,"w":0.7175958156585693},"size":31.04741859436035,"orthographic":false}