{"cameraMode":{"drawMode":0,"name":"Shaded","section":"Shading Mode"},"sceneLighting":false,"audioPlay":false,"sceneViewState":{"showFog":true,"showMaterialUpdate":false,"showSkybox":false,"showFlares":true,"showImageEffects":true,"showParticleSystems":true},"in2DMode":false,"pivot":{"x":27.67519760131836,"y":1.4496955871582032,"z":-17.60235595703125},"rotation":{"x":-0.13297398388385774,"y":0.08047036826610565,"z":-0.010826692916452885,"w":-0.9878084659576416},"size":1.123436450958252,"orthographic":false}