{"cameraMode":{"drawMode":0,"name":"Shaded","section":"Shading Mode"},"sceneLighting":true,"audioPlay":false,"sceneViewState":{"showFog":true,"showMaterialUpdate":false,"showSkybox":false,"showFlares":true,"showImageEffects":true,"showParticleSystems":true},"in2DMode":false,"pivot":{"x":-0.599402666091919,"y":0.701901376247406,"z":-2.2109806537628176},"rotation":{"x":0.09448260068893433,"y":-0.8885066509246826,"z":0.21208037436008454,"w":0.39583003520965578},"size":4.373002529144287,"orthographic":false}