{"cameraMode":{"drawMode":0,"name":"Shaded","section":"Shading Mode"},"sceneLighting":false,"audioPlay":false,"sceneViewState":{"showFog":true,"showMaterialUpdate":false,"showSkybox":false,"showFlares":true,"showImageEffects":true,"showParticleSystems":true},"in2DMode":false,"pivot":{"x":-0.6792631149291992,"y":-0.07665974646806717,"z":1.5803804397583008},"rotation":{"x":-0.003826742060482502,"y":-0.9891706705093384,"z":-0.02641397900879383,"w":0.1446865200996399},"size":2.1171536445617677,"orthographic":false}