{"cameraMode":{"drawMode":0,"name":"Shaded","section":"Shading Mode"},"sceneLighting":false,"audioPlay":false,"sceneViewState":{"showFog":false,"showMaterialUpdate":false,"showSkybox":false,"showFlares":false,"showImageEffects":false,"showParticleSystems":false},"in2DMode":false,"pivot":{"x":-0.01765352487564087,"y":-1.1794097423553467,"z":-0.027098745107650758},"rotation":{"x":-0.19946850836277009,"y":0.7128496766090393,"z":-0.22425566613674165,"w":-0.6339520812034607},"size":8.32909870147705,"orthographic":false}