{"cameraMode":{"drawMode":0,"name":"Shaded","section":"Shading Mode"},"sceneLighting":false,"audioPlay":false,"sceneViewState":{"showFog":false,"showMaterialUpdate":false,"showSkybox":false,"showFlares":false,"showImageEffects":false,"showParticleSystems":false},"in2DMode":false,"pivot":{"x":-51.203712463378909,"y":0.5589065551757813,"z":48.72014617919922},"rotation":{"x":-0.2855745851993561,"y":-0.6351315975189209,"z":0.27349767088890078,"w":-0.6635884046554565},"size":67.76410675048828,"orthographic":false}