{"cameraMode":{"drawMode":0,"name":"Shaded","section":"Shading Mode"},"sceneLighting":false,"audioPlay":false,"sceneViewState":{"showFog":false,"showMaterialUpdate":false,"showSkybox":false,"showFlares":false,"showImageEffects":false,"showParticleSystems":false},"in2DMode":false,"pivot":{"x":40.166786193847659,"y":43.94354248046875,"z":66.78459930419922},"rotation":{"x":0.3792257308959961,"y":0.593263566493988,"z":-0.37175941467285159,"w":0.605088472366333},"size":4.25076961517334,"orthographic":false}