{"cameraMode":{"drawMode":0,"name":"Shaded","section":"Shading Mode"},"sceneLighting":false,"audioPlay":false,"sceneViewState":{"showFog":false,"showMaterialUpdate":false,"showSkybox":false,"showFlares":false,"showImageEffects":false,"showParticleSystems":false},"in2DMode":false,"pivot":{"x":2.136359214782715,"y":0.1403721272945404,"z":2.580000162124634},"rotation":{"x":-0.00637997779995203,"y":-0.9709841012954712,"z":0.23793397843837739,"w":-0.02593214437365532},"size":0.7853488326072693,"orthographic":false}