{"cameraMode":{"drawMode":0,"name":"Shaded","section":"Shading Mode"},"sceneLighting":false,"audioPlay":false,"sceneViewState":{"showFog":false,"showMaterialUpdate":false,"showSkybox":false,"showFlares":false,"showImageEffects":false,"showParticleSystems":false},"in2DMode":false,"pivot":{"x":-0.35240066051483157,"y":-0.21943143010139466,"z":2.5799975395202638},"rotation":{"x":-0.00637997779995203,"y":-0.9709841012954712,"z":0.23793397843837739,"w":-0.02593214437365532},"size":0.9338595867156982,"orthographic":false}