{"cameraMode":{"drawMode":0,"name":"Shaded","section":"Shading Mode"},"sceneLighting":false,"audioPlay":false,"sceneViewState":{"showFog":false,"showMaterialUpdate":false,"showSkybox":false,"showFlares":false,"showImageEffects":false,"showParticleSystems":false},"in2DMode":false,"pivot":{"x":15.455772399902344,"y":17.56368637084961,"z":-52.163753509521487},"rotation":{"x":0.21687176823616029,"y":0.6797127723693848,"z":-0.22168582677841187,"w":0.6647650003433228},"size":58.947547912597659,"orthographic":false}