{"cameraMode":{"drawMode":0,"name":"Shaded","section":"Shading Mode"},"sceneLighting":true,"audioPlay":false,"sceneViewState":{"showFog":false,"showMaterialUpdate":false,"showSkybox":false,"showFlares":false,"showImageEffects":false,"showParticleSystems":false},"in2DMode":false,"pivot":{"x":-80.57579803466797,"y":3.160930633544922,"z":42.438087463378909},"rotation":{"x":-0.19946850836277009,"y":0.7128496766090393,"z":-0.22425566613674165,"w":-0.6339520812034607},"size":80.12274932861328,"orthographic":false}