{"cameraMode":{"drawMode":0,"name":"Shaded","section":"Shading Mode"},"sceneLighting":false,"audioPlay":false,"sceneViewState":{"showFog":false,"showMaterialUpdate":false,"showSkybox":false,"showFlares":false,"showImageEffects":false,"showParticleSystems":false},"in2DMode":false,"pivot":{"x":-0.08644533157348633,"y":-0.7284168004989624,"z":5.830880641937256},"rotation":{"x":0.10432548075914383,"y":-0.09589610993862152,"z":0.010064549744129181,"w":0.9898799657821655},"size":11.750509262084961,"orthographic":false}