{"cameraMode":{"drawMode":0,"name":"Shaded","section":"Shading Mode"},"sceneLighting":false,"audioPlay":false,"sceneViewState":{"showFog":false,"showMaterialUpdate":false,"showSkybox":false,"showFlares":false,"showImageEffects":false,"showParticleSystems":false},"in2DMode":false,"pivot":{"x":27.701045989990236,"y":1.5791794061660767,"z":-18.386796951293947},"rotation":{"x":-0.2520293891429901,"y":-0.28536564111709597,"z":0.07807961106300354,"w":-0.9214181900024414},"size":1.1002051830291749,"orthographic":false}