{"cameraMode":{"drawMode":0,"name":"Shaded","section":"Shading Mode"},"sceneLighting":false,"audioPlay":false,"sceneViewState":{"showFog":false,"showMaterialUpdate":false,"showSkybox":false,"showFlares":false,"showImageEffects":false,"showParticleSystems":false},"in2DMode":false,"pivot":{"x":-0.008826762437820435,"y":-1.0897047519683838,"z":-0.013549372553825379},"rotation":{"x":-0.19946850836277009,"y":0.7128496766090393,"z":-0.22425566613674165,"w":-0.6339520812034607},"size":4.164549827575684,"orthographic":false}