{"cameraMode":{"drawMode":0,"name":"Shaded","section":"Shading Mode"},"sceneLighting":true,"audioPlay":false,"sceneViewState":{"showFog":false,"showMaterialUpdate":false,"showSkybox":false,"showFlares":false,"showImageEffects":false,"showParticleSystems":false},"in2DMode":false,"pivot":{"x":-49.04438781738281,"y":-5.131443023681641,"z":70.06175231933594},"rotation":{"x":0.18294276297092439,"y":-0.2590736150741577,"z":0.05005372315645218,"w":0.9471240639686585},"size":98.97883605957031,"orthographic":false}