{"cameraMode":{"drawMode":0,"name":"Shaded","section":"Shading Mode"},"sceneLighting":false,"audioPlay":false,"sceneViewState":{"showFog":false,"showMaterialUpdate":false,"showSkybox":false,"showFlares":false,"showImageEffects":false,"showParticleSystems":false},"in2DMode":false,"pivot":{"x":0.08809655904769898,"y":-0.27375146746635439,"z":1.7984505891799927},"rotation":{"x":-0.1023450717329979,"y":-0.13568836450576783,"z":0.014154371805489064,"w":-0.9853882789611816},"size":3.530118942260742,"orthographic":false}